{"act":[{"gest":[{"p":{"x":-0.6406490206718445,"y":0.828216016292572,"z":0.20815999805927277},"q":{"x":-0.3529827296733856,"y":-0.5288867950439453,"z":-0.2564568519592285,"w":0.7279505133628845}},{"p":{"x":-0.6736180186271668,"y":0.828216016292572,"z":0.0},"q":{"x":-0.3085182011127472,"y":-0.6362519264221191,"z":-0.3085182011127472,"w":0.6362519264221191}}]}]}