{"act":[{"gest":[{"p":{"x":0.4755280017852783,"y":0.6877850294113159,"z":0.6545090079307556},"q":{"x":-0.26520130038261416,"y":0.2967594563961029,"z":0.08616901934146881,"w":0.9133329391479492}},{"p":{"x":-0.6736180186271668,"y":0.828216016292572,"z":0.0},"q":{"x":-0.3085182011127472,"y":-0.6362519264221191,"z":-0.3085182011127472,"w":0.6362519264221191}}]},{"gest":[{"p":{"x":-0.5449690222740173,"y":0.828216016292572,"z":0.3959429860115051},"q":{"x":-0.3887554407119751,"y":-0.40849873423576357,"z":-0.19808067381381989,"w":0.8017244338989258}},{"p":{"x":-0.5449690222740173,"y":0.828216016292572,"z":-0.3959429860115051},"q":{"x":0.19808104634284974,"y":0.8017240166664124,"z":0.38875553011894228,"w":-0.40849927067756655}}]}]}